cuid;puid;addedAt
3bed6e57-d0c3-4066-a4a3-0e751bf13c64;0e889fc1-cdda-4f66-adec-e0ef0a6c03a2;2024-01-07T17:26:17.052Z
527eb361-4130-44a7-8629-2be24e57edd5;a4c4faad-9289-4241-affe-6db61ee8bd7d;2024-01-07T17:26:17.053Z
c98a4c52-4b29-4b7c-9390-42fcf44bfee4;9e610cd3-24f8-451f-9178-5b238add2a3e;2024-01-07T17:26:17.054Z
99b63001-e4ae-416e-87fa-8f3da5c79384;f4b4aac1-e350-41ba-9406-490b6e96748f;2024-01-07T17:26:17.055Z
d98b2ae1-8ec8-4170-8bf5-85d7352851f0;ce5e7aa4-d2d0-45f5-ba44-5148307b6525;2024-01-07T17:26:17.057Z
4a80a68f-7cc6-44d8-aee3-f17f7c5a137d;d780310a-2084-44df-b1d2-63321f438cc2;2024-01-07T17:26:17.058Z
b88ec0c6-c971-456b-a011-2003f6f9e15d;79a5aea1-1de7-46aa-b4ce-f3b0a09fa723;2024-01-07T17:26:17.060Z
cf051cee-0c8c-44f7-9353-2b96f0b084a9;26102a5c-7a9d-4094-9e64-7828985b8d7c;2024-01-07T17:26:17.062Z
953d082f-8be1-45a4-9bad-e5a3659aad9c;15689910-0050-4e9a-83e8-1dc3e9c6670b;2024-01-07T17:26:17.067Z
f5c9f781-ebff-4805-b407-b30580935145;39c32c12-3583-4a25-867d-981579623209;2024-01-07T17:26:17.069Z
5b970366-fc5d-4335-9f4b-2e05fbea8b2a;4bc4daa4-b5f6-4c23-9033-a2eea2803ca7;2024-01-07T17:26:17.070Z
e5dce6ce-fce1-4adc-9878-cf24836007e6;f6f3b4eb-6d23-4a07-93ac-cafdaeed0fc6;2024-01-07T17:26:17.072Z
91c622ec-8ffb-4909-965f-085e575fc15b;95685ba1-18ee-4cb6-a067-7c69a43dc367;2024-01-07T17:26:17.073Z
b7062d62-ffd2-46d8-b3d0-1f6bdc6a15d7;f6893baa-6541-4664-a7f4-a6845fcbfda7;2024-01-07T17:26:17.074Z
52fb8eca-e33f-4251-8688-1016cb5e5d5a;f1ccaf87-5006-4236-b8d4-96ec70a083c3;2024-01-07T17:26:17.075Z
ea8dc812-f5c2-454f-a163-08ef28627a2c;2461bb73-cc9f-4843-8c86-bee7e6a09c07;2024-01-07T17:26:17.077Z
e8900a3d-ec18-4f6c-a5c3-7ea87badc967;3434e1f8-9f4f-4fb2-8777-d32fb42c9d0e;2024-01-07T17:26:17.078Z
1d0b6d7a-efd0-4f28-9b34-f23334668e2d;0e889fc1-cdda-4f66-adec-e0ef0a6c03a2;2024-01-07T17:26:17.084Z
d7e86bb1-cc19-42f5-8799-a51850e968e5;6d1e222f-b4d4-4e02-8ad3-5286a3354858;2024-01-07T17:26:17.085Z
30588fdd-de24-4e4c-8a91-be681bf0d0ff;5fbae297-c7ac-44a8-95f8-a637fe23a888;2024-01-07T17:26:17.086Z
e78acdf7-71cf-4d9c-a1aa-780ba4cdae5b;f9b84b53-2b60-40ec-ac3f-10e944a74052;2024-01-07T17:26:17.088Z
3d3495aa-d16a-49b4-a09a-65d8fc4ec047;82690666-62cc-4eae-b138-41459036a3fc;2024-01-07T17:26:17.090Z